{
  "training_curves": [
    {
      "episode": 4,
      "reward": -3.726960321450237,
      "policy_loss": -1.1429892778396606,
      "value_loss": 0.2840413168072701,
      "entropy_loss": -8.20071620941162,
      "total_loss": -1.0829757928848267,
      "policy_lr": 0.0003,
      "value_lr": 0.0003,
      "clip_epsilon": 0.1999999,
      "approx_kl": -0.4620923183858395,
      "clip_fraction": 0.675,
      "transfer_weights_mean": 0.5,
      "transfer_weights_std": 0.0010738968849182129,
      "semantic_distance_mean": 0.17808224260807037,
      "independence_p": 0.0,
      "transfer_strength": 1.0
    },
    {
      "episode": 5,
      "reward": 5.98464391066045,
      "policy_loss": -1.1888526678085327,
      "value_loss": 0.12371767833828926,
      "entropy_loss": -8.07614221572876,
      "total_loss": -1.2077552556991578,
      "policy_lr": 0.0003,
      "value_lr": 0.0003,
      "clip_epsilon": 0.1999998,
      "approx_kl": -0.6676477372646332,
      "clip_fraction": 0.890625,
      "transfer_weights_mean": 0.5000000298023224,
      "transfer_weights_std": 0.001128166913986206,
      "semantic_distance_mean": 0.019114759750664234,
      "independence_p": 0.0003333333333333333,
      "transfer_strength": 0.9996666666666667
    },
    {
      "episode": 6,
      "reward": 0.4676202694436286,
      "policy_loss": -1.1853535056114197,
      "value_loss": 0.07057308666408062,
      "entropy_loss": -7.948421955108643,
      "total_loss": -1.2295511722564698,
      "policy_lr": 0.0003,
      "value_lr": 0.0003,
      "clip_epsilon": 0.1999997,
      "approx_kl": -0.6076238036155701,
      "clip_fraction": 0.928125,
      "transfer_weights_mean": 0.4999999701976776,
      "transfer_weights_std": 0.002087801694869995,
      "semantic_distance_mean": 0.21954041719436646,
      "independence_p": 0.0003333333333333333,
      "transfer_strength": 0.9996666666666667
    },
    {
      "episode": 7,
      "reward": -0.5202320286624569,
      "policy_loss": -1.175996768474579,
      "value_loss": 0.0790125910192728,
      "entropy_loss": -7.686212873458862,
      "total_loss": -1.2133526086807251,
      "policy_lr": 0.0003,
      "value_lr": 0.0003,
      "clip_epsilon": 0.1999996,
      "approx_kl": -0.6051420092582702,
      "clip_fraction": 0.9,
      "transfer_weights_mean": 0.5000000149011612,
      "transfer_weights_std": 0.0008315891027450562,
      "semantic_distance_mean": 0.018126649782061577,
      "independence_p": 0.0006666666666666666,
      "transfer_strength": 0.9993333333333333
    },
    {
      "episode": 8,
      "reward": -2.810081554457268,
      "policy_loss": -1.1727644324302673,
      "value_loss": 0.05360145047307015,
      "entropy_loss": -7.6601334571838375,
      "total_loss": -1.2225650668144226,
      "policy_lr": 0.0003,
      "value_lr": 0.0003,
      "clip_epsilon": 0.19999950000000002,
      "approx_kl": -0.6124247312545776,
      "clip_fraction": 0.884375,
      "transfer_weights_mean": 0.4999999701976776,
      "transfer_weights_std": 6.940960884094238e-05,
      "semantic_distance_mean": 0.017646046355366707,
      "independence_p": 0.0006666666666666666,
      "transfer_strength": 0.9993333333333333
    },
    {
      "episode": 9,
      "reward": -0.9597718241977513,
      "policy_loss": -1.1654462218284607,
      "value_loss": 0.04168411437422037,
      "entropy_loss": -7.768779468536377,
      "total_loss": -1.2222919583320617,
      "policy_lr": 0.0003,
      "value_lr": 0.0003,
      "clip_epsilon": 0.19999940000000002,
      "approx_kl": -0.6249749302864075,
      "clip_fraction": 0.871875,
      "transfer_weights_mean": 0.4999999701976776,
      "transfer_weights_std": 0.0017049014568328857,
      "semantic_distance_mean": 0.01408307533711195,
      "independence_p": 0.001,
      "transfer_strength": 0.999
    },
    {
      "episode": 10,
      "reward": -9.708822953902787,
      "policy_loss": -1.1775909185409545,
      "value_loss": 0.02511957408860326,
      "entropy_loss": -7.801496362686157,
      "total_loss": -1.2430460929870606,
      "policy_lr": 0.0003,
      "value_lr": 0.0003,
      "clip_epsilon": 0.19999930000000002,
      "approx_kl": -0.6391849279403686,
      "clip_fraction": 0.8890625,
      "transfer_weights_mean": 0.5000000149011612,
      "transfer_weights_std": 0.002048179507255554,
      "semantic_distance_mean": 0.033436816185712814,
      "independence_p": 0.001,
      "transfer_strength": 0.999
    },
    {
      "episode": 11,
      "reward": -2.1518943366016248,
      "policy_loss": -1.1752933502197265,
      "value_loss": 0.025601466372609138,
      "entropy_loss": -7.438218259811402,
      "total_loss": -1.236874794960022,
      "policy_lr": 0.0003,
      "value_lr": 0.0003,
      "clip_epsilon": 0.19999920000000002,
      "approx_kl": -0.6703316986560821,
      "clip_fraction": 0.878125,
      "transfer_weights_mean": 0.5,
      "transfer_weights_std": 0.000773310661315918,
      "semantic_distance_mean": 0.03319902345538139,
      "independence_p": 0.0013333333333333333,
      "transfer_strength": 0.9986666666666667
    },
    {
      "episode": 12,
      "reward": -0.189074038318163,
      "policy_loss": -1.1317571163177491,
      "value_loss": 0.038645915873348716,
      "entropy_loss": -7.22285008430481,
      "total_loss": -1.1846626162528993,
      "policy_lr": 0.0003,
      "value_lr": 0.0003,
      "clip_epsilon": 0.1999991,
      "approx_kl": -0.5858048737049103,
      "clip_fraction": 0.8828125,
      "transfer_weights_mean": 0.4999999701976776,
      "transfer_weights_std": 0.009125679731369019,
      "semantic_distance_mean": 0.21103645116090775,
      "independence_p": 0.0013333333333333333,
      "transfer_strength": 0.9986666666666667
    },
    {
      "episode": 13,
      "reward": -0.3658460708827747,
      "policy_loss": -1.1185523748397828,
      "value_loss": 0.024078575894236565,
      "entropy_loss": -7.300234699249268,
      "total_loss": -1.1795154333114624,
      "policy_lr": 0.0003,
      "value_lr": 0.0003,
      "clip_epsilon": 0.199999,
      "approx_kl": -0.48050578236579894,
      "clip_fraction": 0.840625,
      "transfer_weights_mean": 0.4999999850988388,
      "transfer_weights_std": 0.00045014917850494385,
      "semantic_distance_mean": 0.014080998487770557,
      "independence_p": 0.0016666666666666668,
      "transfer_strength": 0.9983333333333333
    },
    {
      "episode": 14,
      "reward": -3.2341368137765945,
      "policy_loss": -1.1403325080871582,
      "value_loss": 0.023139963485300542,
      "entropy_loss": -7.261972379684448,
      "total_loss": -1.2013822436332702,
      "policy_lr": 0.0003,
      "value_lr": 0.0003,
      "clip_epsilon": 0.1999989,
      "approx_kl": -0.6123368322849274,
      "clip_fraction": 0.86875,
      "transfer_weights_mean": 0.4999999850988388,
      "transfer_weights_std": 0.001897469162940979,
      "semantic_distance_mean": 0.01537273172289133,
      "independence_p": 0.0016666666666666668,
      "transfer_strength": 0.9983333333333333
    },
    {
      "episode": 15,
      "reward": -2.889949480536426,
      "policy_loss": -1.1209329128265382,
      "value_loss": 0.034050210192799565,
      "entropy_loss": -7.390262317657471,
      "total_loss": -1.1778104424476623,
      "policy_lr": 0.0003,
      "value_lr": 0.0003,
      "clip_epsilon": 0.1999988,
      "approx_kl": -0.4973447501659393,
      "clip_fraction": 0.85,
      "transfer_weights_mean": 0.5000000149011612,
      "transfer_weights_std": 0.002180323004722595,
      "semantic_distance_mean": 0.026050484739243984,
      "independence_p": 0.002,
      "transfer_strength": 0.998
    },
    {
      "episode": 16,
      "reward": -5.147035103418065,
      "policy_loss": -1.1063177824020385,
      "value_loss": 0.021468674391508104,
      "entropy_loss": -7.629065322875976,
      "total_loss": -1.1718740820884705,
      "policy_lr": 0.0003,
      "value_lr": 0.0003,
      "clip_epsilon": 0.1999987,
      "approx_kl": -0.5184497475624085,